date,weekly_gas
2/19/16,9576
2/26/16,9121
3/4/16,9411
3/11/16,9458
3/18/16,9503
3/25/16,9244
4/1/16,9224
4/8/16,9633
4/15/16,9444
4/22/16,9315
4/29/16,9502
5/6/16,9658
5/13/16,9755
5/20/16,9516
5/27/16,9716
6/3/16,9568
6/10/16,9762
6/17/16,9815
6/24/16,9709
7/1/16,9755
7/8/16,9671
7/15/16,9785
7/22/16,9797
7/29/16,9752
8/5/16,9769
8/12/16,9762
8/19/16,9659
8/26/16,9511
9/2/16,9595
9/9/16,9406
9/16/16,9650
9/23/16,8880
9/30/16,9390
10/7/16,9264
10/14/16,8798
10/21/16,9118
10/28/16,9183
11/4/16,9213
11/11/16,9359
11/18/16,9024
11/25/16,9080
12/2/16,8757
12/9/16,8874
12/16/16,9269
12/23/16,9278
12/30/16,8465
1/6/17,8470
1/13/17,8069
1/20/17,8039
1/27/17,8310
2/3/17,8941
2/10/17,8433
2/17/17,8663
2/24/17,8686
3/3/17,9268
3/10/17,9254
3/17/17,9200
3/24/17,9524
3/31/17,9245
4/7/17,9275
4/14/17,9223
4/21/17,9206
4/28/17,9156
5/5/17,9408
5/12/17,9452
5/19/17,9704
5/26/17,9822
6/2/17,9317
6/9/17,9269
6/16/17,9816
6/23/17,9538
6/30/17,9705
7/7/17,9786
7/14/17,9592
7/21/17,9821
7/28/17,9842
8/4/17,9797
8/11/17,9522
8/18/17,9629
8/25/17,9846
9/1/17,9163
9/8/17,9619
9/15/17,9441
9/22/17,9522
9/29/17,9241
10/6/17,9480
10/13/17,9136
10/20/17,9314
10/27/17,9461
11/3/17,9496
11/10/17,9172
11/17/17,9595
11/24/17,8724
12/1/17,8895
12/8/17,9091
12/15/17,9426
12/22/17,9485
12/29/17,8650
1/5/18,8814
1/12/18,8668
1/19/18,8697
1/26/18,9044
2/2/18,9110
2/9/18,9059
2/16/18,9002
2/23/18,8860
3/2/18,9276
3/9/18,9642
3/16/18,9324
3/23/18,9208
3/30/18,9203
4/6/18,9273
4/13/18,9857
4/20/18,9083
4/27/18,9090
5/4/18,9775
5/11/18,9531
5/18/18,9689
5/25/18,9689
6/1/18,8976
6/8/18,9879
6/15/18,9326
6/22/18,9731
6/29/18,9869
7/6/18,9275
7/13/18,9708
7/20/18,9846
7/27/18,9878
8/3/18,9346
8/10/18,9512
8/17/18,9453
8/24/18,9899
8/31/18,9734
9/7/18,9649
9/14/18,9534
9/21/18,8987
9/28/18,9102
10/5/18,9078
10/12/18,9182
10/19/18,9324
10/26/18,9262
11/2/18,9099
11/9/18,9192
11/16/18,9185
11/23/18,9188
11/30/18,8877
12/7/18,9036
12/14/18,9243
12/21/18,9348
12/28/18,8623
1/4/19,8735
1/11/19,8565
1/18/19,8868
1/25/19,9564
2/1/19,9073
2/8/19,8648
2/15/19,8800
2/22/19,8981
3/1/19,9062
3/8/19,9140
3/15/19,9409
3/22/19,9124
3/29/19,9131
4/5/19,9806
4/12/19,9420
4/19/19,9409
4/26/19,9228
5/3/19,9871
5/10/19,9148
5/17/19,9429
5/24/19,9394
5/31/19,9441
6/7/19,9877
6/14/19,9928
6/21/19,9466
6/28/19,9492
7/5/19,9754
7/12/19,9214
7/19/19,9673
7/26/19,9559
8/2/19,9651
8/9/19,9932
8/16/19,9626
8/23/19,9900
8/30/19,9471
9/6/19,9807
9/13/19,8939
9/20/19,9346
9/27/19,9137
10/4/19,9460
10/11/19,9354
10/18/19,9590
10/25/19,9784
11/1/19,9145
11/8/19,9321
11/15/19,9192
11/22/19,9204
11/29/19,9032
12/6/19,8882
12/13/19,9411
12/20/19,9303
12/27/19,8961
1/3/20,8133
1/10/20,8558
1/17/20,8662
1/24/20,8793
1/31/20,8933
2/7/20,8722
2/14/20,8918
2/21/20,9035
2/28/20,9186
3/6/20,9449
3/13/20,9696
3/20/20,8837
3/27/20,6659
4/3/20,5065
4/10/20,5081
4/17/20,5311
4/24/20,5860
5/1/20,6664
5/8/20,7398
5/15/20,6790
5/22/20,7253
5/29/20,7549
6/5/20,7900
6/12/20,7870
6/19/20,8608
6/26/20,8561
7/3/20,8766
7/10/20,8648
7/17/20,8550
7/24/20,8809
7/31/20,8617
8/7/20,8883
8/14/20,8630
8/21/20,9161
8/28/20,8786
9/4/20,8390
9/11/20,8478
9/18/20,8515
9/25/20,8529
10/2/20,8896
10/9/20,8576
10/16/20,8289
10/23/20,8545
10/30/20,8336
11/6/20,8762
11/13/20,8258
11/20/20,8129
11/27/20,7973
12/4/20,7600
12/11/20,7975
12/18/20,8022
12/25/20,8128
1/1/21,7441
1/8/21,7532
1/15/21,8112
1/22/21,7833
1/29/21,7770
2/5/21,7857
2/12/21,8407
2/19/21,7207
2/26/21,8148
3/5/21,8726
3/12/21,8442
3/19/21,8616
3/26/21,8891
4/2/21,8781
4/9/21,8944
4/16/21,9104
4/23/21,8877
4/30/21,8864
5/7/21,8800
5/14/21,9224
5/21/21,9479
5/28/21,9146
6/4/21,8480
6/11/21,9360
6/18/21,9440
6/25/21,9173
7/2/21,10043
7/9/21,9283
7/16/21,9295
7/23/21,9325
7/30/21,9775
8/6/21,9430
8/13/21,9333
8/20/21,9572
8/27/21,9578
9/3/21,9608
9/10/21,8892
9/17/21,8896
9/24/21,9399
10/1/21,9427
10/8/21,9186
10/15/21,9634
10/22/21,9323
10/29/21,9504
11/5/21,9259
11/12/21,9241
11/19/21,9334
11/26/21,8796
12/3/21,8963
12/10/21,9472
12/17/21,8986
12/24/21,9724
12/31/21,8172
1/7/22,7906
1/14/22,8224
1/21/22,8505
1/28/22,8226
2/4/22,9126
2/11/22,8570
2/18/22,8657
2/25/22,8743
3/4/22,8962
3/11/22,8944
3/18/22,8637
3/25/22,8499
4/1/22,8562
4/8/22,8736
4/15/22,8868
4/22/22,8739
4/29/22,8856
5/6/22,8702
5/13/22,9027
5/20/22,8798
5/27/22,8977
6/3/22,9199
6/10/22,9093
6/17/22,8505
6/24/22,8922
7/1/22,9413
7/8/22,8062
7/15/22,8521
7/22/22,9245
7/29/22,8541
8/5/22,9123
8/12/22,9348
8/19/22,8434
8/26/22,8591
9/2/22,8727